Name,Surname1,Surname2,CIAS,User
MARIO,MARTÍNEZ,SANZ,0227520344E,user772
JOSE,MARTÍNEZ,LÓPEZ,0390715319A,user839
JIMENA,GARCÍA,MARGALL,05270313Q,user499
JOSE,LÓPEZ,FERNÁNDEZ,0506642434Y,user759
JOSÉ MARÍA,MARTÍNEZ,GARCÍA,0517356780L,user80
SUSANA,PÉREZ,GARCÍA,0177904173G,user570
JIMENA,CABEZUELA,LÓPEZ,0759466077C,user575
DIANA,GARCÍA,GONZÁLEZ,0204391637T,user358
ALBERTO,MARTÍNEZ,PÉREZ,0893189385C,user276
ANA,LÓPEZ,MARGALL,0191646478C,user111
PEDRO,SOLCHAGA,MARTÍNEZ,0780501003W,user607
GARCÍA,SOLCHAGA,GARCÍA,0173242428D,user251
GARCÍA,DOMÍNGUEZ,MARGALL,03946690W,user630
FILOMENA,MARTÍNEZ,LÓPEZ,016836025Q,user582
ANTONIO,TORRES,OLIVA,0514534309O,user117
JIMENA,CABEZUELA,OLIVA,0852863632D,user220
MARÍA,GARCÍA,SOLCHAGA,0974027359Z,user300
MATÍAS,GARCÍA,SOLCHAGA,0798438133V,user727
MARÍA JOSÉ,MARTÍNEZ,LÓPEZ,0233998084I,user740
MARÍA JOSÉ,CABEZUELA,LÓPEZ,0979364904Y,user358
SUSANA,URDANETA,FERNÁNDEZ,0566647193C,user391
GARCÍA,ÁLVAREZ,FERNÁNDEZ,0284583432T,user957
LUIS,GONZÁLEZ,OLIVA,0245430297Y,user462
SUSANA,MARTÍNEZ,FERNÁNDEZ,0545128263Q,user200
ÁLVARO,TORRES,TREVIÑO,0210974224H,user394
DIANA,TORRES,MARTÍNEZ,0398104649G,user811
LUIS,OLIVA,PÉREZ,061501602I,user718
SONIA,SANZ,GARCÍA,0576536569K,user261
SONIA,SOLCHAGA,DOMÍNGUEZ,0601717230E,user704
DIANA,SANZ,SOLCHAGA,0616603446J,user203
JOSÉ MARÍA,MARGALL,FERNÁNDEZ,0275030098Z,user63
MARÍA,MARTÍNEZ,OLIVA,0284843226G,user508
LUIS,ÁLVAREZ,MARGALL,0434409536M,user686
ÁLVARO,TORRES,TREVIÑO,0325122884D,user533
ALBERTO,GARCÍA,PÉREZ,0833829877O,user911
SUSANA,URDANETA,LÓPEZ,0269410060K,user791
SONIA,ÁLVAREZ,CABEZUELA,0821909542F,user619
PEDRO,LÓPEZ,MARTÍNEZ,0896465927O,user372
PEDRO,DOMÍNGUEZ,URDANETA,0526795801I,user62
PEDRO,ÁLVAREZ,MARTÍNEZ,0169415834K,user437
GARCÍA,SOLCHAGA,ÁLVAREZ,0402764544L,user175
MARÍA,SANZ,MARTÍNEZ,0379400467Z,user679
JOSÉ LUIS,PÉREZ,GARCÍA,0601893276W,user423
JULIA,SANZ,OLIVA,072287100S,user582
JULIA,MARTÍNEZ,CABEZUELA,0835798219V,user415
JOSÉ MARÍA,ROJO,GONZÁLEZ,0631860778M,user245
JUAN,CABEZUELA,MARTÍNEZ,0369415364L,user105
MARÍA,SOLCHAGA,LÓPEZ,0181747602Y,user102
SUSANA,GONZÁLEZ,MARTÍNEZ,0662470751G,user411
PETRONILA,CABEZUELA,ROJO,026049563W,user318
